"MTU (CET/CEST)","Area","Actual Total Load (MW)","Day-ahead Total Load Forecast (MW)"
"28/08/2026 00:00 - 28/08/2026 00:15","Germany (DE)","43524.97","42960.30"
"28/08/2026 00:15 - 28/08/2026 00:30","Germany (DE)","42109.20","42431.28"
"28/08/2026 00:30 - 28/08/2026 00:45","Germany (DE)","41763.26","41812.36"
"28/08/2026 00:45 - 28/08/2026 01:00","Germany (DE)","41485.34","41415.14"
"28/08/2026 01:00 - 28/08/2026 01:15","Germany (DE)","40702.84","41037.31"
"28/08/2026 01:15 - 28/08/2026 01:30","Germany (DE)","40733.05","40555.90"
"28/08/2026 01:30 - 28/08/2026 01:45","Germany (DE)","40921.80","40331.66"
"28/08/2026 01:45 - 28/08/2026 02:00","Germany (DE)","41027.99","39933.51"
"28/08/2026 02:00 - 28/08/2026 02:15","Germany (DE)","41149.21","39695.62"
"28/08/2026 02:15 - 28/08/2026 02:30","Germany (DE)","41295.68","39480.03"
"28/08/2026 02:30 - 28/08/2026 02:45","Germany (DE)","41113.87","39561.37"
"28/08/2026 02:45 - 28/08/2026 03:00","Germany (DE)","41442.91","39456.40"
"28/08/2026 03:00 - 28/08/2026 03:15","Germany (DE)","41068.21","39147.78"
"28/08/2026 03:15 - 28/08/2026 03:30","Germany (DE)","40830.00","39300.87"
"28/08/2026 03:30 - 28/08/2026 03:45","Germany (DE)","40682.61","39344.63"
"28/08/2026 03:45 - 28/08/2026 04:00","Germany (DE)","40181.98","39697.38"
"28/08/2026 04:00 - 28/08/2026 04:15","Germany (DE)","40198.12","40213.90"
"28/08/2026 04:15 - 28/08/2026 04:30","Germany (DE)","40082.19","40432.89"
"28/08/2026 04:30 - 28/08/2026 04:45","Germany (DE)","40474.50","40865.68"
"28/08/2026 04:45 - 28/08/2026 05:00","Germany (DE)","41670.08","41272.85"
"28/08/2026 05:00 - 28/08/2026 05:15","Germany (DE)","43282.79","42179.84"
"28/08/2026 05:15 - 28/08/2026 05:30","Germany (DE)","40864.93","43246.52"
"28/08/2026 05:30 - 28/08/2026 05:45","Germany (DE)","39295.82","44235.97"
"28/08/2026 05:45 - 28/08/2026 06:00","Germany (DE)","38492.74","45464.30"
"28/08/2026 06:00 - 28/08/2026 06:15","Germany (DE)","39545.32","47345.70"
"28/08/2026 06:15 - 28/08/2026 06:30","Germany (DE)","50030.10","48853.71"
"28/08/2026 06:30 - 28/08/2026 06:45","Germany (DE)","50313.81","50104.06"
"28/08/2026 06:45 - 28/08/2026 07:00","Germany (DE)","50491.83","51008.47"
"28/08/2026 07:00 - 28/08/2026 07:15","Germany (DE)","51246.98","52029.34"
"28/08/2026 07:15 - 28/08/2026 07:30","Germany (DE)","52342.12","53247.38"
"28/08/2026 07:30 - 28/08/2026 07:45","Germany (DE)","53663.99","54193.91"
"28/08/2026 07:45 - 28/08/2026 08:00","Germany (DE)","54053.45","54931.90"
"28/08/2026 08:00 - 28/08/2026 08:15","Germany (DE)","54414.97","55529.91"
"28/08/2026 08:15 - 28/08/2026 08:30","Germany (DE)","56348.79","56241.53"
"28/08/2026 08:30 - 28/08/2026 08:45","Germany (DE)","57630.99","56789.61"
"28/08/2026 08:45 - 28/08/2026 09:00","Germany (DE)","58412.83","57330.45"
"28/08/2026 09:00 - 28/08/2026 09:15","Germany (DE)","58116.47","56981.00"
"28/08/2026 09:15 - 28/08/2026 09:30","Germany (DE)","58941.15","57369.19"
"28/08/2026 09:30 - 28/08/2026 09:45","Germany (DE)","59056.19","57613.66"
"28/08/2026 09:45 - 28/08/2026 10:00","Germany (DE)","58466.15","58026.63"
"28/08/2026 10:00 - 28/08/2026 10:15","Germany (DE)","57277.63","57914.62"
"28/08/2026 10:15 - 28/08/2026 10:30","Germany (DE)","57428.60","58015.90"
"28/08/2026 10:30 - 28/08/2026 10:45","Germany (DE)","57686.45","57868.72"
"28/08/2026 10:45 - 28/08/2026 11:00","Germany (DE)","58539.84","57584.91"
"28/08/2026 11:00 - 28/08/2026 11:15","Germany (DE)","59598.04","57409.85"
"28/08/2026 11:15 - 28/08/2026 11:30","Germany (DE)","60126.55","57331.76"
"28/08/2026 11:30 - 28/08/2026 11:45","Germany (DE)","59784.08","57706.02"
"28/08/2026 11:45 - 28/08/2026 12:00","Germany (DE)","-","57220.81"
"28/08/2026 12:00 - 28/08/2026 12:15","Germany (DE)","-","56708.25"
"28/08/2026 12:15 - 28/08/2026 12:30","Germany (DE)","-","56596.17"
"28/08/2026 12:30 - 28/08/2026 12:45","Germany (DE)","-","56158.93"
"28/08/2026 12:45 - 28/08/2026 13:00","Germany (DE)","-","56068.28"
"28/08/2026 13:00 - 28/08/2026 13:15","Germany (DE)","-","55603.47"
"28/08/2026 13:15 - 28/08/2026 13:30","Germany (DE)","-","54903.02"
"28/08/2026 13:30 - 28/08/2026 13:45","Germany (DE)","-","54603.07"
"28/08/2026 13:45 - 28/08/2026 14:00","Germany (DE)","-","53899.99"
"28/08/2026 14:00 - 28/08/2026 14:15","Germany (DE)","-","53821.88"
"28/08/2026 14:15 - 28/08/2026 14:30","Germany (DE)","-","53508.83"
"28/08/2026 14:30 - 28/08/2026 14:45","Germany (DE)","-","53403.27"
"28/08/2026 14:45 - 28/08/2026 15:00","Germany (DE)","-","53315.92"
"28/08/2026 15:00 - 28/08/2026 15:15","Germany (DE)","-","53504.29"
"28/08/2026 15:15 - 28/08/2026 15:30","Germany (DE)","-","53329.35"
"28/08/2026 15:30 - 28/08/2026 15:45","Germany (DE)","-","52961.64"
"28/08/2026 15:45 - 28/08/2026 16:00","Germany (DE)","-","52722.43"
"28/08/2026 16:00 - 28/08/2026 16:15","Germany (DE)","-","52872.84"
"28/08/2026 16:15 - 28/08/2026 16:30","Germany (DE)","-","52457.74"
"28/08/2026 16:30 - 28/08/2026 16:45","Germany (DE)","-","52922.08"
"28/08/2026 16:45 - 28/08/2026 17:00","Germany (DE)","-","52632.30"
"28/08/2026 17:00 - 28/08/2026 17:15","Germany (DE)","-","53395.91"
"28/08/2026 17:15 - 28/08/2026 17:30","Germany (DE)","-","53361.74"
"28/08/2026 17:30 - 28/08/2026 17:45","Germany (DE)","-","53276.50"
"28/08/2026 17:45 - 28/08/2026 18:00","Germany (DE)","-","53390.04"
"28/08/2026 18:00 - 28/08/2026 18:15","Germany (DE)","-","53634.07"
"28/08/2026 18:15 - 28/08/2026 18:30","Germany (DE)","-","53760.44"
"28/08/2026 18:30 - 28/08/2026 18:45","Germany (DE)","-","53956.69"
"28/08/2026 18:45 - 28/08/2026 19:00","Germany (DE)","-","53883.47"
"28/08/2026 19:00 - 28/08/2026 19:15","Germany (DE)","-","53886.53"
"28/08/2026 19:15 - 28/08/2026 19:30","Germany (DE)","-","53711.83"
"28/08/2026 19:30 - 28/08/2026 19:45","Germany (DE)","-","53469.98"
"28/08/2026 19:45 - 28/08/2026 20:00","Germany (DE)","-","53193.09"
"28/08/2026 20:00 - 28/08/2026 20:15","Germany (DE)","-","52737.01"
"28/08/2026 20:15 - 28/08/2026 20:30","Germany (DE)","-","52162.10"
"28/08/2026 20:30 - 28/08/2026 20:45","Germany (DE)","-","51708.57"
"28/08/2026 20:45 - 28/08/2026 21:00","Germany (DE)","-","51396.56"
"28/08/2026 21:00 - 28/08/2026 21:15","Germany (DE)","-","50508.21"
"28/08/2026 21:15 - 28/08/2026 21:30","Germany (DE)","-","49727.09"
"28/08/2026 21:30 - 28/08/2026 21:45","Germany (DE)","-","49023.84"
"28/08/2026 21:45 - 28/08/2026 22:00","Germany (DE)","-","48333.43"
"28/08/2026 22:00 - 28/08/2026 22:15","Germany (DE)","-","47606.66"
"28/08/2026 22:15 - 28/08/2026 22:30","Germany (DE)","-","46748.12"
"28/08/2026 22:30 - 28/08/2026 22:45","Germany (DE)","-","45990.33"
"28/08/2026 22:45 - 28/08/2026 23:00","Germany (DE)","-","45186.38"
"28/08/2026 23:00 - 28/08/2026 23:15","Germany (DE)","-","44123.28"
"28/08/2026 23:15 - 28/08/2026 23:30","Germany (DE)","-","43289.78"
"28/08/2026 23:30 - 28/08/2026 23:45","Germany (DE)","-","42617.97"
"28/08/2026 23:45 - 29/08/2026 00:00","Germany (DE)","-","41971.85"
