"MTU","Out Area","In Area","Physical Flow (MW)"
"28/08/2026 00:00:00 - 28/08/2026 01:00:00","BZN|FR","BZN|BE","140.25"
"28/08/2026 00:00:00 - 28/08/2026 01:00:00","BZN|BE","BZN|FR","0.00"
"28/08/2026 00:00:00 - 28/08/2026 01:00:00","BZN|FR","BZN|CH","0.00"
"28/08/2026 00:00:00 - 28/08/2026 01:00:00","BZN|CH","BZN|FR","1025.42"
"28/08/2026 00:00:00 - 28/08/2026 01:00:00","BZN|FR","BZN|DE-AT-LU","n/e"
"28/08/2026 00:00:00 - 28/08/2026 01:00:00","BZN|DE-AT-LU","BZN|FR","n/e"
"28/08/2026 00:00:00 - 28/08/2026 01:00:00","BZN|FR","BZN|DE-LU","0.00"
"28/08/2026 00:00:00 - 28/08/2026 01:00:00","BZN|DE-LU","BZN|FR","1791.22"
"28/08/2026 00:00:00 - 28/08/2026 01:00:00","BZN|FR","BZN|ES","0.00"
"28/08/2026 00:00:00 - 28/08/2026 01:00:00","BZN|ES","BZN|FR","764.89"
"28/08/2026 00:00:00 - 28/08/2026 01:00:00","BZN|FR","BZN|GB","2793.31"
"28/08/2026 00:00:00 - 28/08/2026 01:00:00","BZN|GB","BZN|FR","0.00"
"28/08/2026 00:00:00 - 28/08/2026 01:00:00","BZN|FR","BZN|GB(ElecLink)","444.00"
"28/08/2026 00:00:00 - 28/08/2026 01:00:00","BZN|GB(ElecLink)","BZN|FR","0.00"
"28/08/2026 00:00:00 - 28/08/2026 01:00:00","BZN|FR","BZN|GB(IFA)","1857.52"
"28/08/2026 00:00:00 - 28/08/2026 01:00:00","BZN|GB(IFA)","BZN|FR","0.00"
"28/08/2026 00:00:00 - 28/08/2026 01:00:00","BZN|FR","BZN|GB(IFA2)","491.79"
"28/08/2026 00:00:00 - 28/08/2026 01:00:00","BZN|GB(IFA2)","BZN|FR","0.00"
"28/08/2026 00:00:00 - 28/08/2026 01:00:00","BZN|FR","BZN|IT-North","2299.39"
"28/08/2026 00:00:00 - 28/08/2026 01:00:00","BZN|IT-North","BZN|FR","0.00"
"28/08/2026 00:00:00 - 28/08/2026 01:00:00","BZN|FR","BZN|IT-North-FR","n/e"
"28/08/2026 00:00:00 - 28/08/2026 01:00:00","BZN|IT-North-FR","BZN|FR","n/e"
"28/08/2026 01:00:00 - 28/08/2026 02:00:00","BZN|FR","BZN|BE","30.74"
"28/08/2026 01:00:00 - 28/08/2026 02:00:00","BZN|BE","BZN|FR","0.00"
"28/08/2026 01:00:00 - 28/08/2026 02:00:00","BZN|FR","BZN|CH","0.00"
"28/08/2026 01:00:00 - 28/08/2026 02:00:00","BZN|CH","BZN|FR","757.36"
"28/08/2026 01:00:00 - 28/08/2026 02:00:00","BZN|FR","BZN|DE-AT-LU","n/e"
"28/08/2026 01:00:00 - 28/08/2026 02:00:00","BZN|DE-AT-LU","BZN|FR","n/e"
"28/08/2026 01:00:00 - 28/08/2026 02:00:00","BZN|FR","BZN|DE-LU","0.00"
"28/08/2026 01:00:00 - 28/08/2026 02:00:00","BZN|DE-LU","BZN|FR","1908.11"
"28/08/2026 01:00:00 - 28/08/2026 02:00:00","BZN|FR","BZN|ES","33.33"
"28/08/2026 01:00:00 - 28/08/2026 02:00:00","BZN|ES","BZN|FR","0.00"
"28/08/2026 01:00:00 - 28/08/2026 02:00:00","BZN|FR","BZN|GB","3435.67"
"28/08/2026 01:00:00 - 28/08/2026 02:00:00","BZN|GB","BZN|FR","0.00"
"28/08/2026 01:00:00 - 28/08/2026 02:00:00","BZN|FR","BZN|GB(ElecLink)","814.00"
"28/08/2026 01:00:00 - 28/08/2026 02:00:00","BZN|GB(ElecLink)","BZN|FR","0.00"
"28/08/2026 01:00:00 - 28/08/2026 02:00:00","BZN|FR","BZN|GB(IFA)","1803.98"
"28/08/2026 01:00:00 - 28/08/2026 02:00:00","BZN|GB(IFA)","BZN|FR","0.00"
"28/08/2026 01:00:00 - 28/08/2026 02:00:00","BZN|FR","BZN|GB(IFA2)","817.69"
"28/08/2026 01:00:00 - 28/08/2026 02:00:00","BZN|GB(IFA2)","BZN|FR","0.00"
"28/08/2026 01:00:00 - 28/08/2026 02:00:00","BZN|FR","BZN|IT-North","2504.78"
"28/08/2026 01:00:00 - 28/08/2026 02:00:00","BZN|IT-North","BZN|FR","0.00"
"28/08/2026 01:00:00 - 28/08/2026 02:00:00","BZN|FR","BZN|IT-North-FR","n/e"
"28/08/2026 01:00:00 - 28/08/2026 02:00:00","BZN|IT-North-FR","BZN|FR","n/e"
"28/08/2026 02:00:00 - 28/08/2026 03:00:00","BZN|FR","BZN|BE","601.02"
"28/08/2026 02:00:00 - 28/08/2026 03:00:00","BZN|BE","BZN|FR","0.00"
"28/08/2026 02:00:00 - 28/08/2026 03:00:00","BZN|FR","BZN|CH","0.00"
"28/08/2026 02:00:00 - 28/08/2026 03:00:00","BZN|CH","BZN|FR","859.74"
"28/08/2026 02:00:00 - 28/08/2026 03:00:00","BZN|FR","BZN|DE-AT-LU","n/e"
"28/08/2026 02:00:00 - 28/08/2026 03:00:00","BZN|DE-AT-LU","BZN|FR","n/e"
"28/08/2026 02:00:00 - 28/08/2026 03:00:00","BZN|FR","BZN|DE-LU","0.00"
"28/08/2026 02:00:00 - 28/08/2026 03:00:00","BZN|DE-LU","BZN|FR","1819.14"
"28/08/2026 02:00:00 - 28/08/2026 03:00:00","BZN|FR","BZN|ES","0.00"
"28/08/2026 02:00:00 - 28/08/2026 03:00:00","BZN|ES","BZN|FR","863.96"
"28/08/2026 02:00:00 - 28/08/2026 03:00:00","BZN|FR","BZN|GB","4008.62"
"28/08/2026 02:00:00 - 28/08/2026 03:00:00","BZN|GB","BZN|FR","0.00"
"28/08/2026 02:00:00 - 28/08/2026 03:00:00","BZN|FR","BZN|GB(ElecLink)","969.00"
"28/08/2026 02:00:00 - 28/08/2026 03:00:00","BZN|GB(ElecLink)","BZN|FR","0.00"
"28/08/2026 02:00:00 - 28/08/2026 03:00:00","BZN|FR","BZN|GB(IFA)","2024.85"
"28/08/2026 02:00:00 - 28/08/2026 03:00:00","BZN|GB(IFA)","BZN|FR","0.00"
"28/08/2026 02:00:00 - 28/08/2026 03:00:00","BZN|FR","BZN|GB(IFA2)","1014.77"
"28/08/2026 02:00:00 - 28/08/2026 03:00:00","BZN|GB(IFA2)","BZN|FR","0.00"
"28/08/2026 02:00:00 - 28/08/2026 03:00:00","BZN|FR","BZN|IT-North","2471.87"
"28/08/2026 02:00:00 - 28/08/2026 03:00:00","BZN|IT-North","BZN|FR","0.00"
"28/08/2026 02:00:00 - 28/08/2026 03:00:00","BZN|FR","BZN|IT-North-FR","n/e"
"28/08/2026 02:00:00 - 28/08/2026 03:00:00","BZN|IT-North-FR","BZN|FR","n/e"
"28/08/2026 03:00:00 - 28/08/2026 04:00:00","BZN|FR","BZN|BE","1320.26"
"28/08/2026 03:00:00 - 28/08/2026 04:00:00","BZN|BE","BZN|FR","0.00"
"28/08/2026 03:00:00 - 28/08/2026 04:00:00","BZN|FR","BZN|CH","0.00"
"28/08/2026 03:00:00 - 28/08/2026 04:00:00","BZN|CH","BZN|FR","202.52"
"28/08/2026 03:00:00 - 28/08/2026 04:00:00","BZN|FR","BZN|DE-AT-LU","n/e"
"28/08/2026 03:00:00 - 28/08/2026 04:00:00","BZN|DE-AT-LU","BZN|FR","n/e"
"28/08/2026 03:00:00 - 28/08/2026 04:00:00","BZN|FR","BZN|DE-LU","0.00"
"28/08/2026 03:00:00 - 28/08/2026 04:00:00","BZN|DE-LU","BZN|FR","1136.49"
"28/08/2026 03:00:00 - 28/08/2026 04:00:00","BZN|FR","BZN|ES","0.00"
"28/08/2026 03:00:00 - 28/08/2026 04:00:00","BZN|ES","BZN|FR","802.53"
"28/08/2026 03:00:00 - 28/08/2026 04:00:00","BZN|FR","BZN|GB","3651.91"
"28/08/2026 03:00:00 - 28/08/2026 04:00:00","BZN|GB","BZN|FR","0.00"
"28/08/2026 03:00:00 - 28/08/2026 04:00:00","BZN|FR","BZN|GB(ElecLink)","977.00"
"28/08/2026 03:00:00 - 28/08/2026 04:00:00","BZN|GB(ElecLink)","BZN|FR","0.00"
"28/08/2026 03:00:00 - 28/08/2026 04:00:00","BZN|FR","BZN|GB(IFA)","1929.61"
"28/08/2026 03:00:00 - 28/08/2026 04:00:00","BZN|GB(IFA)","BZN|FR","0.00"
"28/08/2026 03:00:00 - 28/08/2026 04:00:00","BZN|FR","BZN|GB(IFA2)","745.29"
"28/08/2026 03:00:00 - 28/08/2026 04:00:00","BZN|GB(IFA2)","BZN|FR","0.00"
"28/08/2026 03:00:00 - 28/08/2026 04:00:00","BZN|FR","BZN|IT-North","2984.01"
"28/08/2026 03:00:00 - 28/08/2026 04:00:00","BZN|IT-North","BZN|FR","0.00"
"28/08/2026 03:00:00 - 28/08/2026 04:00:00","BZN|FR","BZN|IT-North-FR","n/e"
"28/08/2026 03:00:00 - 28/08/2026 04:00:00","BZN|IT-North-FR","BZN|FR","n/e"
"28/08/2026 04:00:00 - 28/08/2026 05:00:00","BZN|FR","BZN|BE","1625.22"
"28/08/2026 04:00:00 - 28/08/2026 05:00:00","BZN|BE","BZN|FR","0.00"
"28/08/2026 04:00:00 - 28/08/2026 05:00:00","BZN|FR","BZN|CH","284.62"
"28/08/2026 04:00:00 - 28/08/2026 05:00:00","BZN|CH","BZN|FR","0.00"
"28/08/2026 04:00:00 - 28/08/2026 05:00:00","BZN|FR","BZN|DE-AT-LU","n/e"
"28/08/2026 04:00:00 - 28/08/2026 05:00:00","BZN|DE-AT-LU","BZN|FR","n/e"
"28/08/2026 04:00:00 - 28/08/2026 05:00:00","BZN|FR","BZN|DE-LU","0.00"
"28/08/2026 04:00:00 - 28/08/2026 05:00:00","BZN|DE-LU","BZN|FR","123.89"
"28/08/2026 04:00:00 - 28/08/2026 05:00:00","BZN|FR","BZN|ES","0.00"
"28/08/2026 04:00:00 - 28/08/2026 05:00:00","BZN|ES","BZN|FR","794.75"
"28/08/2026 04:00:00 - 28/08/2026 05:00:00","BZN|FR","BZN|GB","2507.34"
"28/08/2026 04:00:00 - 28/08/2026 05:00:00","BZN|GB","BZN|FR","0.00"
"28/08/2026 04:00:00 - 28/08/2026 05:00:00","BZN|FR","BZN|GB(ElecLink)","467.00"
"28/08/2026 04:00:00 - 28/08/2026 05:00:00","BZN|GB(ElecLink)","BZN|FR","0.00"
"28/08/2026 04:00:00 - 28/08/2026 05:00:00","BZN|FR","BZN|GB(IFA)","1702.54"
"28/08/2026 04:00:00 - 28/08/2026 05:00:00","BZN|GB(IFA)","BZN|FR","0.00"
"28/08/2026 04:00:00 - 28/08/2026 05:00:00","BZN|FR","BZN|GB(IFA2)","337.80"
"28/08/2026 04:00:00 - 28/08/2026 05:00:00","BZN|GB(IFA2)","BZN|FR","0.00"
"28/08/2026 04:00:00 - 28/08/2026 05:00:00","BZN|FR","BZN|IT-North","3517.76"
"28/08/2026 04:00:00 - 28/08/2026 05:00:00","BZN|IT-North","BZN|FR","0.00"
"28/08/2026 04:00:00 - 28/08/2026 05:00:00","BZN|FR","BZN|IT-North-FR","n/e"
"28/08/2026 04:00:00 - 28/08/2026 05:00:00","BZN|IT-North-FR","BZN|FR","n/e"
"28/08/2026 05:00:00 - 28/08/2026 06:00:00","BZN|FR","BZN|BE","1608.30"
"28/08/2026 05:00:00 - 28/08/2026 06:00:00","BZN|BE","BZN|FR","0.00"
"28/08/2026 05:00:00 - 28/08/2026 06:00:00","BZN|FR","BZN|CH","676.01"
"28/08/2026 05:00:00 - 28/08/2026 06:00:00","BZN|CH","BZN|FR","0.00"
"28/08/2026 05:00:00 - 28/08/2026 06:00:00","BZN|FR","BZN|DE-AT-LU","n/e"
"28/08/2026 05:00:00 - 28/08/2026 06:00:00","BZN|DE-AT-LU","BZN|FR","n/e"
"28/08/2026 05:00:00 - 28/08/2026 06:00:00","BZN|FR","BZN|DE-LU","814.00"
"28/08/2026 05:00:00 - 28/08/2026 06:00:00","BZN|DE-LU","BZN|FR","0.00"
"28/08/2026 05:00:00 - 28/08/2026 06:00:00","BZN|FR","BZN|ES","0.00"
"28/08/2026 05:00:00 - 28/08/2026 06:00:00","BZN|ES","BZN|FR","876.71"
"28/08/2026 05:00:00 - 28/08/2026 06:00:00","BZN|FR","BZN|GB","1489.11"
"28/08/2026 05:00:00 - 28/08/2026 06:00:00","BZN|GB","BZN|FR","0.00"
"28/08/2026 05:00:00 - 28/08/2026 06:00:00","BZN|FR","BZN|GB(ElecLink)","327.00"
"28/08/2026 05:00:00 - 28/08/2026 06:00:00","BZN|GB(ElecLink)","BZN|FR","0.00"
"28/08/2026 05:00:00 - 28/08/2026 06:00:00","BZN|FR","BZN|GB(IFA)","950.37"
"28/08/2026 05:00:00 - 28/08/2026 06:00:00","BZN|GB(IFA)","BZN|FR","0.00"
"28/08/2026 05:00:00 - 28/08/2026 06:00:00","BZN|FR","BZN|GB(IFA2)","211.75"
"28/08/2026 05:00:00 - 28/08/2026 06:00:00","BZN|GB(IFA2)","BZN|FR","0.00"
"28/08/2026 05:00:00 - 28/08/2026 06:00:00","BZN|FR","BZN|IT-North","3552.53"
"28/08/2026 05:00:00 - 28/08/2026 06:00:00","BZN|IT-North","BZN|FR","0.00"
"28/08/2026 05:00:00 - 28/08/2026 06:00:00","BZN|FR","BZN|IT-North-FR","n/e"
"28/08/2026 05:00:00 - 28/08/2026 06:00:00","BZN|IT-North-FR","BZN|FR","n/e"
"28/08/2026 06:00:00 - 28/08/2026 07:00:00","BZN|FR","BZN|BE","2057.00"
"28/08/2026 06:00:00 - 28/08/2026 07:00:00","BZN|BE","BZN|FR","0.00"
"28/08/2026 06:00:00 - 28/08/2026 07:00:00","BZN|FR","BZN|CH","706.36"
"28/08/2026 06:00:00 - 28/08/2026 07:00:00","BZN|CH","BZN|FR","0.00"
"28/08/2026 06:00:00 - 28/08/2026 07:00:00","BZN|FR","BZN|DE-AT-LU","n/e"
"28/08/2026 06:00:00 - 28/08/2026 07:00:00","BZN|DE-AT-LU","BZN|FR","n/e"
"28/08/2026 06:00:00 - 28/08/2026 07:00:00","BZN|FR","BZN|DE-LU","1799.51"
"28/08/2026 06:00:00 - 28/08/2026 07:00:00","BZN|DE-LU","BZN|FR","0.00"
"28/08/2026 06:00:00 - 28/08/2026 07:00:00","BZN|FR","BZN|ES","0.00"
"28/08/2026 06:00:00 - 28/08/2026 07:00:00","BZN|ES","BZN|FR","1801.14"
"28/08/2026 06:00:00 - 28/08/2026 07:00:00","BZN|FR","BZN|GB","894.47"
"28/08/2026 06:00:00 - 28/08/2026 07:00:00","BZN|GB","BZN|FR","0.00"
"28/08/2026 06:00:00 - 28/08/2026 07:00:00","BZN|FR","BZN|GB(ElecLink)","263.00"
"28/08/2026 06:00:00 - 28/08/2026 07:00:00","BZN|GB(ElecLink)","BZN|FR","0.00"
"28/08/2026 06:00:00 - 28/08/2026 07:00:00","BZN|FR","BZN|GB(IFA)","562.10"
"28/08/2026 06:00:00 - 28/08/2026 07:00:00","BZN|GB(IFA)","BZN|FR","0.00"
"28/08/2026 06:00:00 - 28/08/2026 07:00:00","BZN|FR","BZN|GB(IFA2)","69.38"
"28/08/2026 06:00:00 - 28/08/2026 07:00:00","BZN|GB(IFA2)","BZN|FR","0.00"
"28/08/2026 06:00:00 - 28/08/2026 07:00:00","BZN|FR","BZN|IT-North","3829.10"
"28/08/2026 06:00:00 - 28/08/2026 07:00:00","BZN|IT-North","BZN|FR","0.00"
"28/08/2026 06:00:00 - 28/08/2026 07:00:00","BZN|FR","BZN|IT-North-FR","n/e"
"28/08/2026 06:00:00 - 28/08/2026 07:00:00","BZN|IT-North-FR","BZN|FR","n/e"
"28/08/2026 07:00:00 - 28/08/2026 08:00:00","BZN|FR","BZN|BE","2213.64"
"28/08/2026 07:00:00 - 28/08/2026 08:00:00","BZN|BE","BZN|FR","0.00"
"28/08/2026 07:00:00 - 28/08/2026 08:00:00","BZN|FR","BZN|CH","136.85"
"28/08/2026 07:00:00 - 28/08/2026 08:00:00","BZN|CH","BZN|FR","0.00"
"28/08/2026 07:00:00 - 28/08/2026 08:00:00","BZN|FR","BZN|DE-AT-LU","n/e"
"28/08/2026 07:00:00 - 28/08/2026 08:00:00","BZN|DE-AT-LU","BZN|FR","n/e"
"28/08/2026 07:00:00 - 28/08/2026 08:00:00","BZN|FR","BZN|DE-LU","1408.43"
"28/08/2026 07:00:00 - 28/08/2026 08:00:00","BZN|DE-LU","BZN|FR","0.00"
"28/08/2026 07:00:00 - 28/08/2026 08:00:00","BZN|FR","BZN|ES","0.00"
"28/08/2026 07:00:00 - 28/08/2026 08:00:00","BZN|ES","BZN|FR","1348.82"
"28/08/2026 07:00:00 - 28/08/2026 08:00:00","BZN|FR","BZN|GB","1459.22"
"28/08/2026 07:00:00 - 28/08/2026 08:00:00","BZN|GB","BZN|FR","0.00"
"28/08/2026 07:00:00 - 28/08/2026 08:00:00","BZN|FR","BZN|GB(ElecLink)","367.00"
"28/08/2026 07:00:00 - 28/08/2026 08:00:00","BZN|GB(ElecLink)","BZN|FR","0.00"
"28/08/2026 07:00:00 - 28/08/2026 08:00:00","BZN|FR","BZN|GB(IFA)","837.30"
"28/08/2026 07:00:00 - 28/08/2026 08:00:00","BZN|GB(IFA)","BZN|FR","0.00"
"28/08/2026 07:00:00 - 28/08/2026 08:00:00","BZN|FR","BZN|GB(IFA2)","254.92"
"28/08/2026 07:00:00 - 28/08/2026 08:00:00","BZN|GB(IFA2)","BZN|FR","0.00"
"28/08/2026 07:00:00 - 28/08/2026 08:00:00","BZN|FR","BZN|IT-North","3409.92"
"28/08/2026 07:00:00 - 28/08/2026 08:00:00","BZN|IT-North","BZN|FR","0.00"
"28/08/2026 07:00:00 - 28/08/2026 08:00:00","BZN|FR","BZN|IT-North-FR","n/e"
"28/08/2026 07:00:00 - 28/08/2026 08:00:00","BZN|IT-North-FR","BZN|FR","n/e"
"28/08/2026 08:00:00 - 28/08/2026 09:00:00","BZN|FR","BZN|BE","1699.23"
"28/08/2026 08:00:00 - 28/08/2026 09:00:00","BZN|BE","BZN|FR","0.00"
"28/08/2026 08:00:00 - 28/08/2026 09:00:00","BZN|FR","BZN|CH","0.00"
"28/08/2026 08:00:00 - 28/08/2026 09:00:00","BZN|CH","BZN|FR","776.96"
"28/08/2026 08:00:00 - 28/08/2026 09:00:00","BZN|FR","BZN|DE-AT-LU","n/e"
"28/08/2026 08:00:00 - 28/08/2026 09:00:00","BZN|DE-AT-LU","BZN|FR","n/e"
"28/08/2026 08:00:00 - 28/08/2026 09:00:00","BZN|FR","BZN|DE-LU","71.97"
"28/08/2026 08:00:00 - 28/08/2026 09:00:00","BZN|DE-LU","BZN|FR","0.00"
"28/08/2026 08:00:00 - 28/08/2026 09:00:00","BZN|FR","BZN|ES","0.00"
"28/08/2026 08:00:00 - 28/08/2026 09:00:00","BZN|ES","BZN|FR","482.18"
"28/08/2026 08:00:00 - 28/08/2026 09:00:00","BZN|FR","BZN|GB","3438.25"
"28/08/2026 08:00:00 - 28/08/2026 09:00:00","BZN|GB","BZN|FR","0.00"
"28/08/2026 08:00:00 - 28/08/2026 09:00:00","BZN|FR","BZN|GB(ElecLink)","947.00"
"28/08/2026 08:00:00 - 28/08/2026 09:00:00","BZN|GB(ElecLink)","BZN|FR","0.00"
"28/08/2026 08:00:00 - 28/08/2026 09:00:00","BZN|FR","BZN|GB(IFA)","1771.81"
"28/08/2026 08:00:00 - 28/08/2026 09:00:00","BZN|GB(IFA)","BZN|FR","0.00"
"28/08/2026 08:00:00 - 28/08/2026 09:00:00","BZN|FR","BZN|GB(IFA2)","719.43"
"28/08/2026 08:00:00 - 28/08/2026 09:00:00","BZN|GB(IFA2)","BZN|FR","0.00"
"28/08/2026 08:00:00 - 28/08/2026 09:00:00","BZN|FR","BZN|IT-North","2809.05"
"28/08/2026 08:00:00 - 28/08/2026 09:00:00","BZN|IT-North","BZN|FR","0.00"
"28/08/2026 08:00:00 - 28/08/2026 09:00:00","BZN|FR","BZN|IT-North-FR","n/e"
"28/08/2026 08:00:00 - 28/08/2026 09:00:00","BZN|IT-North-FR","BZN|FR","n/e"
"28/08/2026 09:00:00 - 28/08/2026 10:00:00","BZN|FR","BZN|BE","2856.10"
"28/08/2026 09:00:00 - 28/08/2026 10:00:00","BZN|BE","BZN|FR","0.00"
"28/08/2026 09:00:00 - 28/08/2026 10:00:00","BZN|FR","BZN|CH","0.00"
"28/08/2026 09:00:00 - 28/08/2026 10:00:00","BZN|CH","BZN|FR","845.34"
"28/08/2026 09:00:00 - 28/08/2026 10:00:00","BZN|FR","BZN|DE-AT-LU","n/e"
"28/08/2026 09:00:00 - 28/08/2026 10:00:00","BZN|DE-AT-LU","BZN|FR","n/e"
"28/08/2026 09:00:00 - 28/08/2026 10:00:00","BZN|FR","BZN|DE-LU","19.79"
"28/08/2026 09:00:00 - 28/08/2026 10:00:00","BZN|DE-LU","BZN|FR","0.00"
"28/08/2026 09:00:00 - 28/08/2026 10:00:00","BZN|FR","BZN|ES","0.00"
"28/08/2026 09:00:00 - 28/08/2026 10:00:00","BZN|ES","BZN|FR","853.38"
"28/08/2026 09:00:00 - 28/08/2026 10:00:00","BZN|FR","BZN|GB","3462.76"
"28/08/2026 09:00:00 - 28/08/2026 10:00:00","BZN|GB","BZN|FR","0.00"
"28/08/2026 09:00:00 - 28/08/2026 10:00:00","BZN|FR","BZN|GB(ElecLink)","722.00"
"28/08/2026 09:00:00 - 28/08/2026 10:00:00","BZN|GB(ElecLink)","BZN|FR","0.00"
"28/08/2026 09:00:00 - 28/08/2026 10:00:00","BZN|FR","BZN|GB(IFA)","1722.42"
"28/08/2026 09:00:00 - 28/08/2026 10:00:00","BZN|GB(IFA)","BZN|FR","0.00"
"28/08/2026 09:00:00 - 28/08/2026 10:00:00","BZN|FR","BZN|GB(IFA2)","1018.35"
"28/08/2026 09:00:00 - 28/08/2026 10:00:00","BZN|GB(IFA2)","BZN|FR","0.00"
"28/08/2026 09:00:00 - 28/08/2026 10:00:00","BZN|FR","BZN|IT-North","2372.14"
"28/08/2026 09:00:00 - 28/08/2026 10:00:00","BZN|IT-North","BZN|FR","0.00"
"28/08/2026 09:00:00 - 28/08/2026 10:00:00","BZN|FR","BZN|IT-North-FR","n/e"
"28/08/2026 09:00:00 - 28/08/2026 10:00:00","BZN|IT-North-FR","BZN|FR","n/e"
"28/08/2026 10:00:00 - 28/08/2026 11:00:00","BZN|FR","BZN|BE","3534.53"
"28/08/2026 10:00:00 - 28/08/2026 11:00:00","BZN|BE","BZN|FR","0.00"
"28/08/2026 10:00:00 - 28/08/2026 11:00:00","BZN|FR","BZN|CH","0.00"
"28/08/2026 10:00:00 - 28/08/2026 11:00:00","BZN|CH","BZN|FR","104.76"
"28/08/2026 10:00:00 - 28/08/2026 11:00:00","BZN|FR","BZN|DE-AT-LU","n/e"
"28/08/2026 10:00:00 - 28/08/2026 11:00:00","BZN|DE-AT-LU","BZN|FR","n/e"
"28/08/2026 10:00:00 - 28/08/2026 11:00:00","BZN|FR","BZN|DE-LU","497.39"
"28/08/2026 10:00:00 - 28/08/2026 11:00:00","BZN|DE-LU","BZN|FR","0.00"
"28/08/2026 10:00:00 - 28/08/2026 11:00:00","BZN|FR","BZN|ES","0.00"
"28/08/2026 10:00:00 - 28/08/2026 11:00:00","BZN|ES","BZN|FR","795.24"
"28/08/2026 10:00:00 - 28/08/2026 11:00:00","BZN|FR","BZN|GB","3249.55"
"28/08/2026 10:00:00 - 28/08/2026 11:00:00","BZN|GB","BZN|FR","0.00"
"28/08/2026 10:00:00 - 28/08/2026 11:00:00","BZN|FR","BZN|GB(ElecLink)","710.00"
"28/08/2026 10:00:00 - 28/08/2026 11:00:00","BZN|GB(ElecLink)","BZN|FR","0.00"
"28/08/2026 10:00:00 - 28/08/2026 11:00:00","BZN|FR","BZN|GB(IFA)","1514.20"
"28/08/2026 10:00:00 - 28/08/2026 11:00:00","BZN|GB(IFA)","BZN|FR","0.00"
"28/08/2026 10:00:00 - 28/08/2026 11:00:00","BZN|FR","BZN|GB(IFA2)","1025.34"
"28/08/2026 10:00:00 - 28/08/2026 11:00:00","BZN|GB(IFA2)","BZN|FR","0.00"
"28/08/2026 10:00:00 - 28/08/2026 11:00:00","BZN|FR","BZN|IT-North","2683.82"
"28/08/2026 10:00:00 - 28/08/2026 11:00:00","BZN|IT-North","BZN|FR","0.00"
"28/08/2026 10:00:00 - 28/08/2026 11:00:00","BZN|FR","BZN|IT-North-FR","n/e"
"28/08/2026 10:00:00 - 28/08/2026 11:00:00","BZN|IT-North-FR","BZN|FR","n/e"
"28/08/2026 11:00:00 - 28/08/2026 12:00:00","BZN|FR","BZN|BE","3437.48"
"28/08/2026 11:00:00 - 28/08/2026 12:00:00","BZN|BE","BZN|FR","0.00"
"28/08/2026 11:00:00 - 28/08/2026 12:00:00","BZN|FR","BZN|CH","397.99"
"28/08/2026 11:00:00 - 28/08/2026 12:00:00","BZN|CH","BZN|FR","0.00"
"28/08/2026 11:00:00 - 28/08/2026 12:00:00","BZN|FR","BZN|DE-AT-LU","n/e"
"28/08/2026 11:00:00 - 28/08/2026 12:00:00","BZN|DE-AT-LU","BZN|FR","n/e"
"28/08/2026 11:00:00 - 28/08/2026 12:00:00","BZN|FR","BZN|DE-LU","1216.36"
"28/08/2026 11:00:00 - 28/08/2026 12:00:00","BZN|DE-LU","BZN|FR","0.00"
"28/08/2026 11:00:00 - 28/08/2026 12:00:00","BZN|FR","BZN|ES","0.00"
"28/08/2026 11:00:00 - 28/08/2026 12:00:00","BZN|ES","BZN|FR","421.94"
"28/08/2026 11:00:00 - 28/08/2026 12:00:00","BZN|FR","BZN|GB","3469.06"
"28/08/2026 11:00:00 - 28/08/2026 12:00:00","BZN|GB","BZN|FR","0.00"
"28/08/2026 11:00:00 - 28/08/2026 12:00:00","BZN|FR","BZN|GB(ElecLink)","725.00"
"28/08/2026 11:00:00 - 28/08/2026 12:00:00","BZN|GB(ElecLink)","BZN|FR","0.00"
"28/08/2026 11:00:00 - 28/08/2026 12:00:00","BZN|FR","BZN|GB(IFA)","1718.59"
"28/08/2026 11:00:00 - 28/08/2026 12:00:00","BZN|GB(IFA)","BZN|FR","0.00"
"28/08/2026 11:00:00 - 28/08/2026 12:00:00","BZN|FR","BZN|GB(IFA2)","1025.47"
"28/08/2026 11:00:00 - 28/08/2026 12:00:00","BZN|GB(IFA2)","BZN|FR","0.00"
"28/08/2026 11:00:00 - 28/08/2026 12:00:00","BZN|FR","BZN|IT-North","2863.47"
"28/08/2026 11:00:00 - 28/08/2026 12:00:00","BZN|IT-North","BZN|FR","0.00"
"28/08/2026 11:00:00 - 28/08/2026 12:00:00","BZN|FR","BZN|IT-North-FR","n/e"
"28/08/2026 11:00:00 - 28/08/2026 12:00:00","BZN|IT-North-FR","BZN|FR","n/e"
"28/08/2026 12:00:00 - 28/08/2026 13:00:00","BZN|FR","BZN|BE","-"
"28/08/2026 12:00:00 - 28/08/2026 13:00:00","BZN|BE","BZN|FR","-"
"28/08/2026 12:00:00 - 28/08/2026 13:00:00","BZN|FR","BZN|CH","-"
"28/08/2026 12:00:00 - 28/08/2026 13:00:00","BZN|CH","BZN|FR","-"
"28/08/2026 12:00:00 - 28/08/2026 13:00:00","BZN|FR","BZN|DE-AT-LU","n/e"
"28/08/2026 12:00:00 - 28/08/2026 13:00:00","BZN|DE-AT-LU","BZN|FR","n/e"
"28/08/2026 12:00:00 - 28/08/2026 13:00:00","BZN|FR","BZN|DE-LU","-"
"28/08/2026 12:00:00 - 28/08/2026 13:00:00","BZN|DE-LU","BZN|FR","-"
"28/08/2026 12:00:00 - 28/08/2026 13:00:00","BZN|FR","BZN|ES","-"
"28/08/2026 12:00:00 - 28/08/2026 13:00:00","BZN|ES","BZN|FR","-"
"28/08/2026 12:00:00 - 28/08/2026 13:00:00","BZN|FR","BZN|GB","-"
"28/08/2026 12:00:00 - 28/08/2026 13:00:00","BZN|GB","BZN|FR","-"
"28/08/2026 12:00:00 - 28/08/2026 13:00:00","BZN|FR","BZN|GB(ElecLink)","-"
"28/08/2026 12:00:00 - 28/08/2026 13:00:00","BZN|GB(ElecLink)","BZN|FR","-"
"28/08/2026 12:00:00 - 28/08/2026 13:00:00","BZN|FR","BZN|GB(IFA)","-"
"28/08/2026 12:00:00 - 28/08/2026 13:00:00","BZN|GB(IFA)","BZN|FR","-"
"28/08/2026 12:00:00 - 28/08/2026 13:00:00","BZN|FR","BZN|GB(IFA2)","-"
"28/08/2026 12:00:00 - 28/08/2026 13:00:00","BZN|GB(IFA2)","BZN|FR","-"
"28/08/2026 12:00:00 - 28/08/2026 13:00:00","BZN|FR","BZN|IT-North","-"
"28/08/2026 12:00:00 - 28/08/2026 13:00:00","BZN|IT-North","BZN|FR","-"
"28/08/2026 12:00:00 - 28/08/2026 13:00:00","BZN|FR","BZN|IT-North-FR","n/e"
"28/08/2026 12:00:00 - 28/08/2026 13:00:00","BZN|IT-North-FR","BZN|FR","n/e"
"28/08/2026 13:00:00 - 28/08/2026 14:00:00","BZN|FR","BZN|BE","-"
"28/08/2026 13:00:00 - 28/08/2026 14:00:00","BZN|BE","BZN|FR","-"
"28/08/2026 13:00:00 - 28/08/2026 14:00:00","BZN|FR","BZN|CH","-"
"28/08/2026 13:00:00 - 28/08/2026 14:00:00","BZN|CH","BZN|FR","-"
"28/08/2026 13:00:00 - 28/08/2026 14:00:00","BZN|FR","BZN|DE-AT-LU","n/e"
"28/08/2026 13:00:00 - 28/08/2026 14:00:00","BZN|DE-AT-LU","BZN|FR","n/e"
"28/08/2026 13:00:00 - 28/08/2026 14:00:00","BZN|FR","BZN|DE-LU","-"
"28/08/2026 13:00:00 - 28/08/2026 14:00:00","BZN|DE-LU","BZN|FR","-"
"28/08/2026 13:00:00 - 28/08/2026 14:00:00","BZN|FR","BZN|ES","-"
"28/08/2026 13:00:00 - 28/08/2026 14:00:00","BZN|ES","BZN|FR","-"
"28/08/2026 13:00:00 - 28/08/2026 14:00:00","BZN|FR","BZN|GB","-"
"28/08/2026 13:00:00 - 28/08/2026 14:00:00","BZN|GB","BZN|FR","-"
"28/08/2026 13:00:00 - 28/08/2026 14:00:00","BZN|FR","BZN|GB(ElecLink)","-"
"28/08/2026 13:00:00 - 28/08/2026 14:00:00","BZN|GB(ElecLink)","BZN|FR","-"
"28/08/2026 13:00:00 - 28/08/2026 14:00:00","BZN|FR","BZN|GB(IFA)","-"
"28/08/2026 13:00:00 - 28/08/2026 14:00:00","BZN|GB(IFA)","BZN|FR","-"
"28/08/2026 13:00:00 - 28/08/2026 14:00:00","BZN|FR","BZN|GB(IFA2)","-"
"28/08/2026 13:00:00 - 28/08/2026 14:00:00","BZN|GB(IFA2)","BZN|FR","-"
"28/08/2026 13:00:00 - 28/08/2026 14:00:00","BZN|FR","BZN|IT-North","-"
"28/08/2026 13:00:00 - 28/08/2026 14:00:00","BZN|IT-North","BZN|FR","-"
"28/08/2026 13:00:00 - 28/08/2026 14:00:00","BZN|FR","BZN|IT-North-FR","n/e"
"28/08/2026 13:00:00 - 28/08/2026 14:00:00","BZN|IT-North-FR","BZN|FR","n/e"
"28/08/2026 14:00:00 - 28/08/2026 15:00:00","BZN|FR","BZN|BE","-"
"28/08/2026 14:00:00 - 28/08/2026 15:00:00","BZN|BE","BZN|FR","-"
"28/08/2026 14:00:00 - 28/08/2026 15:00:00","BZN|FR","BZN|CH","-"
"28/08/2026 14:00:00 - 28/08/2026 15:00:00","BZN|CH","BZN|FR","-"
"28/08/2026 14:00:00 - 28/08/2026 15:00:00","BZN|FR","BZN|DE-AT-LU","n/e"
"28/08/2026 14:00:00 - 28/08/2026 15:00:00","BZN|DE-AT-LU","BZN|FR","n/e"
"28/08/2026 14:00:00 - 28/08/2026 15:00:00","BZN|FR","BZN|DE-LU","-"
"28/08/2026 14:00:00 - 28/08/2026 15:00:00","BZN|DE-LU","BZN|FR","-"
"28/08/2026 14:00:00 - 28/08/2026 15:00:00","BZN|FR","BZN|ES","-"
"28/08/2026 14:00:00 - 28/08/2026 15:00:00","BZN|ES","BZN|FR","-"
"28/08/2026 14:00:00 - 28/08/2026 15:00:00","BZN|FR","BZN|GB","-"
"28/08/2026 14:00:00 - 28/08/2026 15:00:00","BZN|GB","BZN|FR","-"
"28/08/2026 14:00:00 - 28/08/2026 15:00:00","BZN|FR","BZN|GB(ElecLink)","-"
"28/08/2026 14:00:00 - 28/08/2026 15:00:00","BZN|GB(ElecLink)","BZN|FR","-"
"28/08/2026 14:00:00 - 28/08/2026 15:00:00","BZN|FR","BZN|GB(IFA)","-"
"28/08/2026 14:00:00 - 28/08/2026 15:00:00","BZN|GB(IFA)","BZN|FR","-"
"28/08/2026 14:00:00 - 28/08/2026 15:00:00","BZN|FR","BZN|GB(IFA2)","-"
"28/08/2026 14:00:00 - 28/08/2026 15:00:00","BZN|GB(IFA2)","BZN|FR","-"
"28/08/2026 14:00:00 - 28/08/2026 15:00:00","BZN|FR","BZN|IT-North","-"
"28/08/2026 14:00:00 - 28/08/2026 15:00:00","BZN|IT-North","BZN|FR","-"
"28/08/2026 14:00:00 - 28/08/2026 15:00:00","BZN|FR","BZN|IT-North-FR","n/e"
"28/08/2026 14:00:00 - 28/08/2026 15:00:00","BZN|IT-North-FR","BZN|FR","n/e"
"28/08/2026 15:00:00 - 28/08/2026 16:00:00","BZN|FR","BZN|BE","-"
"28/08/2026 15:00:00 - 28/08/2026 16:00:00","BZN|BE","BZN|FR","-"
"28/08/2026 15:00:00 - 28/08/2026 16:00:00","BZN|FR","BZN|CH","-"
"28/08/2026 15:00:00 - 28/08/2026 16:00:00","BZN|CH","BZN|FR","-"
"28/08/2026 15:00:00 - 28/08/2026 16:00:00","BZN|FR","BZN|DE-AT-LU","n/e"
"28/08/2026 15:00:00 - 28/08/2026 16:00:00","BZN|DE-AT-LU","BZN|FR","n/e"
"28/08/2026 15:00:00 - 28/08/2026 16:00:00","BZN|FR","BZN|DE-LU","-"
"28/08/2026 15:00:00 - 28/08/2026 16:00:00","BZN|DE-LU","BZN|FR","-"
"28/08/2026 15:00:00 - 28/08/2026 16:00:00","BZN|FR","BZN|ES","-"
"28/08/2026 15:00:00 - 28/08/2026 16:00:00","BZN|ES","BZN|FR","-"
"28/08/2026 15:00:00 - 28/08/2026 16:00:00","BZN|FR","BZN|GB","-"
"28/08/2026 15:00:00 - 28/08/2026 16:00:00","BZN|GB","BZN|FR","-"
"28/08/2026 15:00:00 - 28/08/2026 16:00:00","BZN|FR","BZN|GB(ElecLink)","-"
"28/08/2026 15:00:00 - 28/08/2026 16:00:00","BZN|GB(ElecLink)","BZN|FR","-"
"28/08/2026 15:00:00 - 28/08/2026 16:00:00","BZN|FR","BZN|GB(IFA)","-"
"28/08/2026 15:00:00 - 28/08/2026 16:00:00","BZN|GB(IFA)","BZN|FR","-"
"28/08/2026 15:00:00 - 28/08/2026 16:00:00","BZN|FR","BZN|GB(IFA2)","-"
"28/08/2026 15:00:00 - 28/08/2026 16:00:00","BZN|GB(IFA2)","BZN|FR","-"
"28/08/2026 15:00:00 - 28/08/2026 16:00:00","BZN|FR","BZN|IT-North","-"
"28/08/2026 15:00:00 - 28/08/2026 16:00:00","BZN|IT-North","BZN|FR","-"
"28/08/2026 15:00:00 - 28/08/2026 16:00:00","BZN|FR","BZN|IT-North-FR","n/e"
"28/08/2026 15:00:00 - 28/08/2026 16:00:00","BZN|IT-North-FR","BZN|FR","n/e"
"28/08/2026 16:00:00 - 28/08/2026 17:00:00","BZN|FR","BZN|BE","-"
"28/08/2026 16:00:00 - 28/08/2026 17:00:00","BZN|BE","BZN|FR","-"
"28/08/2026 16:00:00 - 28/08/2026 17:00:00","BZN|FR","BZN|CH","-"
"28/08/2026 16:00:00 - 28/08/2026 17:00:00","BZN|CH","BZN|FR","-"
"28/08/2026 16:00:00 - 28/08/2026 17:00:00","BZN|FR","BZN|DE-AT-LU","n/e"
"28/08/2026 16:00:00 - 28/08/2026 17:00:00","BZN|DE-AT-LU","BZN|FR","n/e"
"28/08/2026 16:00:00 - 28/08/2026 17:00:00","BZN|FR","BZN|DE-LU","-"
"28/08/2026 16:00:00 - 28/08/2026 17:00:00","BZN|DE-LU","BZN|FR","-"
"28/08/2026 16:00:00 - 28/08/2026 17:00:00","BZN|FR","BZN|ES","-"
"28/08/2026 16:00:00 - 28/08/2026 17:00:00","BZN|ES","BZN|FR","-"
"28/08/2026 16:00:00 - 28/08/2026 17:00:00","BZN|FR","BZN|GB","-"
"28/08/2026 16:00:00 - 28/08/2026 17:00:00","BZN|GB","BZN|FR","-"
"28/08/2026 16:00:00 - 28/08/2026 17:00:00","BZN|FR","BZN|GB(ElecLink)","-"
"28/08/2026 16:00:00 - 28/08/2026 17:00:00","BZN|GB(ElecLink)","BZN|FR","-"
"28/08/2026 16:00:00 - 28/08/2026 17:00:00","BZN|FR","BZN|GB(IFA)","-"
"28/08/2026 16:00:00 - 28/08/2026 17:00:00","BZN|GB(IFA)","BZN|FR","-"
"28/08/2026 16:00:00 - 28/08/2026 17:00:00","BZN|FR","BZN|GB(IFA2)","-"
"28/08/2026 16:00:00 - 28/08/2026 17:00:00","BZN|GB(IFA2)","BZN|FR","-"
"28/08/2026 16:00:00 - 28/08/2026 17:00:00","BZN|FR","BZN|IT-North","-"
"28/08/2026 16:00:00 - 28/08/2026 17:00:00","BZN|IT-North","BZN|FR","-"
"28/08/2026 16:00:00 - 28/08/2026 17:00:00","BZN|FR","BZN|IT-North-FR","n/e"
"28/08/2026 16:00:00 - 28/08/2026 17:00:00","BZN|IT-North-FR","BZN|FR","n/e"
"28/08/2026 17:00:00 - 28/08/2026 18:00:00","BZN|FR","BZN|BE","-"
"28/08/2026 17:00:00 - 28/08/2026 18:00:00","BZN|BE","BZN|FR","-"
"28/08/2026 17:00:00 - 28/08/2026 18:00:00","BZN|FR","BZN|CH","-"
"28/08/2026 17:00:00 - 28/08/2026 18:00:00","BZN|CH","BZN|FR","-"
"28/08/2026 17:00:00 - 28/08/2026 18:00:00","BZN|FR","BZN|DE-AT-LU","n/e"
"28/08/2026 17:00:00 - 28/08/2026 18:00:00","BZN|DE-AT-LU","BZN|FR","n/e"
"28/08/2026 17:00:00 - 28/08/2026 18:00:00","BZN|FR","BZN|DE-LU","-"
"28/08/2026 17:00:00 - 28/08/2026 18:00:00","BZN|DE-LU","BZN|FR","-"
"28/08/2026 17:00:00 - 28/08/2026 18:00:00","BZN|FR","BZN|ES","-"
"28/08/2026 17:00:00 - 28/08/2026 18:00:00","BZN|ES","BZN|FR","-"
"28/08/2026 17:00:00 - 28/08/2026 18:00:00","BZN|FR","BZN|GB","-"
"28/08/2026 17:00:00 - 28/08/2026 18:00:00","BZN|GB","BZN|FR","-"
"28/08/2026 17:00:00 - 28/08/2026 18:00:00","BZN|FR","BZN|GB(ElecLink)","-"
"28/08/2026 17:00:00 - 28/08/2026 18:00:00","BZN|GB(ElecLink)","BZN|FR","-"
"28/08/2026 17:00:00 - 28/08/2026 18:00:00","BZN|FR","BZN|GB(IFA)","-"
"28/08/2026 17:00:00 - 28/08/2026 18:00:00","BZN|GB(IFA)","BZN|FR","-"
"28/08/2026 17:00:00 - 28/08/2026 18:00:00","BZN|FR","BZN|GB(IFA2)","-"
"28/08/2026 17:00:00 - 28/08/2026 18:00:00","BZN|GB(IFA2)","BZN|FR","-"
"28/08/2026 17:00:00 - 28/08/2026 18:00:00","BZN|FR","BZN|IT-North","-"
"28/08/2026 17:00:00 - 28/08/2026 18:00:00","BZN|IT-North","BZN|FR","-"
"28/08/2026 17:00:00 - 28/08/2026 18:00:00","BZN|FR","BZN|IT-North-FR","n/e"
"28/08/2026 17:00:00 - 28/08/2026 18:00:00","BZN|IT-North-FR","BZN|FR","n/e"
"28/08/2026 18:00:00 - 28/08/2026 19:00:00","BZN|FR","BZN|BE","-"
"28/08/2026 18:00:00 - 28/08/2026 19:00:00","BZN|BE","BZN|FR","-"
"28/08/2026 18:00:00 - 28/08/2026 19:00:00","BZN|FR","BZN|CH","-"
"28/08/2026 18:00:00 - 28/08/2026 19:00:00","BZN|CH","BZN|FR","-"
"28/08/2026 18:00:00 - 28/08/2026 19:00:00","BZN|FR","BZN|DE-AT-LU","n/e"
"28/08/2026 18:00:00 - 28/08/2026 19:00:00","BZN|DE-AT-LU","BZN|FR","n/e"
"28/08/2026 18:00:00 - 28/08/2026 19:00:00","BZN|FR","BZN|DE-LU","-"
"28/08/2026 18:00:00 - 28/08/2026 19:00:00","BZN|DE-LU","BZN|FR","-"
"28/08/2026 18:00:00 - 28/08/2026 19:00:00","BZN|FR","BZN|ES","-"
"28/08/2026 18:00:00 - 28/08/2026 19:00:00","BZN|ES","BZN|FR","-"
"28/08/2026 18:00:00 - 28/08/2026 19:00:00","BZN|FR","BZN|GB","-"
"28/08/2026 18:00:00 - 28/08/2026 19:00:00","BZN|GB","BZN|FR","-"
"28/08/2026 18:00:00 - 28/08/2026 19:00:00","BZN|FR","BZN|GB(ElecLink)","-"
"28/08/2026 18:00:00 - 28/08/2026 19:00:00","BZN|GB(ElecLink)","BZN|FR","-"
"28/08/2026 18:00:00 - 28/08/2026 19:00:00","BZN|FR","BZN|GB(IFA)","-"
"28/08/2026 18:00:00 - 28/08/2026 19:00:00","BZN|GB(IFA)","BZN|FR","-"
"28/08/2026 18:00:00 - 28/08/2026 19:00:00","BZN|FR","BZN|GB(IFA2)","-"
"28/08/2026 18:00:00 - 28/08/2026 19:00:00","BZN|GB(IFA2)","BZN|FR","-"
"28/08/2026 18:00:00 - 28/08/2026 19:00:00","BZN|FR","BZN|IT-North","-"
"28/08/2026 18:00:00 - 28/08/2026 19:00:00","BZN|IT-North","BZN|FR","-"
"28/08/2026 18:00:00 - 28/08/2026 19:00:00","BZN|FR","BZN|IT-North-FR","n/e"
"28/08/2026 18:00:00 - 28/08/2026 19:00:00","BZN|IT-North-FR","BZN|FR","n/e"
"28/08/2026 19:00:00 - 28/08/2026 20:00:00","BZN|FR","BZN|BE","-"
"28/08/2026 19:00:00 - 28/08/2026 20:00:00","BZN|BE","BZN|FR","-"
"28/08/2026 19:00:00 - 28/08/2026 20:00:00","BZN|FR","BZN|CH","-"
"28/08/2026 19:00:00 - 28/08/2026 20:00:00","BZN|CH","BZN|FR","-"
"28/08/2026 19:00:00 - 28/08/2026 20:00:00","BZN|FR","BZN|DE-AT-LU","n/e"
"28/08/2026 19:00:00 - 28/08/2026 20:00:00","BZN|DE-AT-LU","BZN|FR","n/e"
"28/08/2026 19:00:00 - 28/08/2026 20:00:00","BZN|FR","BZN|DE-LU","-"
"28/08/2026 19:00:00 - 28/08/2026 20:00:00","BZN|DE-LU","BZN|FR","-"
"28/08/2026 19:00:00 - 28/08/2026 20:00:00","BZN|FR","BZN|ES","-"
"28/08/2026 19:00:00 - 28/08/2026 20:00:00","BZN|ES","BZN|FR","-"
"28/08/2026 19:00:00 - 28/08/2026 20:00:00","BZN|FR","BZN|GB","-"
"28/08/2026 19:00:00 - 28/08/2026 20:00:00","BZN|GB","BZN|FR","-"
"28/08/2026 19:00:00 - 28/08/2026 20:00:00","BZN|FR","BZN|GB(ElecLink)","-"
"28/08/2026 19:00:00 - 28/08/2026 20:00:00","BZN|GB(ElecLink)","BZN|FR","-"
"28/08/2026 19:00:00 - 28/08/2026 20:00:00","BZN|FR","BZN|GB(IFA)","-"
"28/08/2026 19:00:00 - 28/08/2026 20:00:00","BZN|GB(IFA)","BZN|FR","-"
"28/08/2026 19:00:00 - 28/08/2026 20:00:00","BZN|FR","BZN|GB(IFA2)","-"
"28/08/2026 19:00:00 - 28/08/2026 20:00:00","BZN|GB(IFA2)","BZN|FR","-"
"28/08/2026 19:00:00 - 28/08/2026 20:00:00","BZN|FR","BZN|IT-North","-"
"28/08/2026 19:00:00 - 28/08/2026 20:00:00","BZN|IT-North","BZN|FR","-"
"28/08/2026 19:00:00 - 28/08/2026 20:00:00","BZN|FR","BZN|IT-North-FR","n/e"
"28/08/2026 19:00:00 - 28/08/2026 20:00:00","BZN|IT-North-FR","BZN|FR","n/e"
"28/08/2026 20:00:00 - 28/08/2026 21:00:00","BZN|FR","BZN|BE","-"
"28/08/2026 20:00:00 - 28/08/2026 21:00:00","BZN|BE","BZN|FR","-"
"28/08/2026 20:00:00 - 28/08/2026 21:00:00","BZN|FR","BZN|CH","-"
"28/08/2026 20:00:00 - 28/08/2026 21:00:00","BZN|CH","BZN|FR","-"
"28/08/2026 20:00:00 - 28/08/2026 21:00:00","BZN|FR","BZN|DE-AT-LU","n/e"
"28/08/2026 20:00:00 - 28/08/2026 21:00:00","BZN|DE-AT-LU","BZN|FR","n/e"
"28/08/2026 20:00:00 - 28/08/2026 21:00:00","BZN|FR","BZN|DE-LU","-"
"28/08/2026 20:00:00 - 28/08/2026 21:00:00","BZN|DE-LU","BZN|FR","-"
"28/08/2026 20:00:00 - 28/08/2026 21:00:00","BZN|FR","BZN|ES","-"
"28/08/2026 20:00:00 - 28/08/2026 21:00:00","BZN|ES","BZN|FR","-"
"28/08/2026 20:00:00 - 28/08/2026 21:00:00","BZN|FR","BZN|GB","-"
"28/08/2026 20:00:00 - 28/08/2026 21:00:00","BZN|GB","BZN|FR","-"
"28/08/2026 20:00:00 - 28/08/2026 21:00:00","BZN|FR","BZN|GB(ElecLink)","-"
"28/08/2026 20:00:00 - 28/08/2026 21:00:00","BZN|GB(ElecLink)","BZN|FR","-"
"28/08/2026 20:00:00 - 28/08/2026 21:00:00","BZN|FR","BZN|GB(IFA)","-"
"28/08/2026 20:00:00 - 28/08/2026 21:00:00","BZN|GB(IFA)","BZN|FR","-"
"28/08/2026 20:00:00 - 28/08/2026 21:00:00","BZN|FR","BZN|GB(IFA2)","-"
"28/08/2026 20:00:00 - 28/08/2026 21:00:00","BZN|GB(IFA2)","BZN|FR","-"
"28/08/2026 20:00:00 - 28/08/2026 21:00:00","BZN|FR","BZN|IT-North","-"
"28/08/2026 20:00:00 - 28/08/2026 21:00:00","BZN|IT-North","BZN|FR","-"
"28/08/2026 20:00:00 - 28/08/2026 21:00:00","BZN|FR","BZN|IT-North-FR","n/e"
"28/08/2026 20:00:00 - 28/08/2026 21:00:00","BZN|IT-North-FR","BZN|FR","n/e"
"28/08/2026 21:00:00 - 28/08/2026 22:00:00","BZN|FR","BZN|BE","-"
"28/08/2026 21:00:00 - 28/08/2026 22:00:00","BZN|BE","BZN|FR","-"
"28/08/2026 21:00:00 - 28/08/2026 22:00:00","BZN|FR","BZN|CH","-"
"28/08/2026 21:00:00 - 28/08/2026 22:00:00","BZN|CH","BZN|FR","-"
"28/08/2026 21:00:00 - 28/08/2026 22:00:00","BZN|FR","BZN|DE-AT-LU","n/e"
"28/08/2026 21:00:00 - 28/08/2026 22:00:00","BZN|DE-AT-LU","BZN|FR","n/e"
"28/08/2026 21:00:00 - 28/08/2026 22:00:00","BZN|FR","BZN|DE-LU","-"
"28/08/2026 21:00:00 - 28/08/2026 22:00:00","BZN|DE-LU","BZN|FR","-"
"28/08/2026 21:00:00 - 28/08/2026 22:00:00","BZN|FR","BZN|ES","-"
"28/08/2026 21:00:00 - 28/08/2026 22:00:00","BZN|ES","BZN|FR","-"
"28/08/2026 21:00:00 - 28/08/2026 22:00:00","BZN|FR","BZN|GB","-"
"28/08/2026 21:00:00 - 28/08/2026 22:00:00","BZN|GB","BZN|FR","-"
"28/08/2026 21:00:00 - 28/08/2026 22:00:00","BZN|FR","BZN|GB(ElecLink)","-"
"28/08/2026 21:00:00 - 28/08/2026 22:00:00","BZN|GB(ElecLink)","BZN|FR","-"
"28/08/2026 21:00:00 - 28/08/2026 22:00:00","BZN|FR","BZN|GB(IFA)","-"
"28/08/2026 21:00:00 - 28/08/2026 22:00:00","BZN|GB(IFA)","BZN|FR","-"
"28/08/2026 21:00:00 - 28/08/2026 22:00:00","BZN|FR","BZN|GB(IFA2)","-"
"28/08/2026 21:00:00 - 28/08/2026 22:00:00","BZN|GB(IFA2)","BZN|FR","-"
"28/08/2026 21:00:00 - 28/08/2026 22:00:00","BZN|FR","BZN|IT-North","-"
"28/08/2026 21:00:00 - 28/08/2026 22:00:00","BZN|IT-North","BZN|FR","-"
"28/08/2026 21:00:00 - 28/08/2026 22:00:00","BZN|FR","BZN|IT-North-FR","n/e"
"28/08/2026 21:00:00 - 28/08/2026 22:00:00","BZN|IT-North-FR","BZN|FR","n/e"
"28/08/2026 22:00:00 - 28/08/2026 23:00:00","BZN|FR","BZN|BE","-"
"28/08/2026 22:00:00 - 28/08/2026 23:00:00","BZN|BE","BZN|FR","-"
"28/08/2026 22:00:00 - 28/08/2026 23:00:00","BZN|FR","BZN|CH","-"
"28/08/2026 22:00:00 - 28/08/2026 23:00:00","BZN|CH","BZN|FR","-"
"28/08/2026 22:00:00 - 28/08/2026 23:00:00","BZN|FR","BZN|DE-AT-LU","n/e"
"28/08/2026 22:00:00 - 28/08/2026 23:00:00","BZN|DE-AT-LU","BZN|FR","n/e"
"28/08/2026 22:00:00 - 28/08/2026 23:00:00","BZN|FR","BZN|DE-LU","-"
"28/08/2026 22:00:00 - 28/08/2026 23:00:00","BZN|DE-LU","BZN|FR","-"
"28/08/2026 22:00:00 - 28/08/2026 23:00:00","BZN|FR","BZN|ES","-"
"28/08/2026 22:00:00 - 28/08/2026 23:00:00","BZN|ES","BZN|FR","-"
"28/08/2026 22:00:00 - 28/08/2026 23:00:00","BZN|FR","BZN|GB","-"
"28/08/2026 22:00:00 - 28/08/2026 23:00:00","BZN|GB","BZN|FR","-"
"28/08/2026 22:00:00 - 28/08/2026 23:00:00","BZN|FR","BZN|GB(ElecLink)","-"
"28/08/2026 22:00:00 - 28/08/2026 23:00:00","BZN|GB(ElecLink)","BZN|FR","-"
"28/08/2026 22:00:00 - 28/08/2026 23:00:00","BZN|FR","BZN|GB(IFA)","-"
"28/08/2026 22:00:00 - 28/08/2026 23:00:00","BZN|GB(IFA)","BZN|FR","-"
"28/08/2026 22:00:00 - 28/08/2026 23:00:00","BZN|FR","BZN|GB(IFA2)","-"
"28/08/2026 22:00:00 - 28/08/2026 23:00:00","BZN|GB(IFA2)","BZN|FR","-"
"28/08/2026 22:00:00 - 28/08/2026 23:00:00","BZN|FR","BZN|IT-North","-"
"28/08/2026 22:00:00 - 28/08/2026 23:00:00","BZN|IT-North","BZN|FR","-"
"28/08/2026 22:00:00 - 28/08/2026 23:00:00","BZN|FR","BZN|IT-North-FR","n/e"
"28/08/2026 22:00:00 - 28/08/2026 23:00:00","BZN|IT-North-FR","BZN|FR","n/e"
"28/08/2026 23:00:00 - 29/08/2026 00:00:00","BZN|FR","BZN|BE","-"
"28/08/2026 23:00:00 - 29/08/2026 00:00:00","BZN|BE","BZN|FR","-"
"28/08/2026 23:00:00 - 29/08/2026 00:00:00","BZN|FR","BZN|CH","-"
"28/08/2026 23:00:00 - 29/08/2026 00:00:00","BZN|CH","BZN|FR","-"
"28/08/2026 23:00:00 - 29/08/2026 00:00:00","BZN|FR","BZN|DE-AT-LU","n/e"
"28/08/2026 23:00:00 - 29/08/2026 00:00:00","BZN|DE-AT-LU","BZN|FR","n/e"
"28/08/2026 23:00:00 - 29/08/2026 00:00:00","BZN|FR","BZN|DE-LU","-"
"28/08/2026 23:00:00 - 29/08/2026 00:00:00","BZN|DE-LU","BZN|FR","-"
"28/08/2026 23:00:00 - 29/08/2026 00:00:00","BZN|FR","BZN|ES","-"
"28/08/2026 23:00:00 - 29/08/2026 00:00:00","BZN|ES","BZN|FR","-"
"28/08/2026 23:00:00 - 29/08/2026 00:00:00","BZN|FR","BZN|GB","-"
"28/08/2026 23:00:00 - 29/08/2026 00:00:00","BZN|GB","BZN|FR","-"
"28/08/2026 23:00:00 - 29/08/2026 00:00:00","BZN|FR","BZN|GB(ElecLink)","-"
"28/08/2026 23:00:00 - 29/08/2026 00:00:00","BZN|GB(ElecLink)","BZN|FR","-"
"28/08/2026 23:00:00 - 29/08/2026 00:00:00","BZN|FR","BZN|GB(IFA)","-"
"28/08/2026 23:00:00 - 29/08/2026 00:00:00","BZN|GB(IFA)","BZN|FR","-"
"28/08/2026 23:00:00 - 29/08/2026 00:00:00","BZN|FR","BZN|GB(IFA2)","-"
"28/08/2026 23:00:00 - 29/08/2026 00:00:00","BZN|GB(IFA2)","BZN|FR","-"
"28/08/2026 23:00:00 - 29/08/2026 00:00:00","BZN|FR","BZN|IT-North","-"
"28/08/2026 23:00:00 - 29/08/2026 00:00:00","BZN|IT-North","BZN|FR","-"
"28/08/2026 23:00:00 - 29/08/2026 00:00:00","BZN|FR","BZN|IT-North-FR","n/e"
"28/08/2026 23:00:00 - 29/08/2026 00:00:00","BZN|IT-North-FR","BZN|FR","n/e"
